title,ex-showroom price,on road price,starting EMI,rating,reviews
Skoda Kylaq,Rs.7.89 - 14.40 Lakh,"Rs.8,79,782*","EMI: Rs.16,745/mo",4.7,155 Reviews
Skoda Slavia,Rs.10.69 - 18.69 Lakh,"Rs.12,27,215*","EMI: Rs.23,550/mo",4.3,286 Reviews
Skoda Kushaq,Rs.10.89 - 18.79 Lakh,"Rs.12,53,764*","EMI: Rs.24,037/mo",4.3,436 Reviews
Skoda Superb,Rs.54 Lakh,"Rs.62,31,460*","EMI: Rs.1,18,612/mo",4.5,27 Reviews
Skoda Kodiaq,Rs.39.99 Lakh,"Rs.46,22,324*","EMI: Rs.87,986/mo",4.2,107 Reviews
Honda City,Rs.11.82 - 16.55 Lakh,"Rs.13,68,275*","EMI: Rs.26,040/mo",4.3,180 Reviews
Honda Amaze,Rs.8 - 10.90 Lakh,"Rs.8,96,579*","EMI: Rs.17,933/mo",4.6,64 Reviews
Honda Elevate,Rs.11.69 - 16.71 Lakh,"Rs.13,51,356*","EMI: Rs.26,892/mo",4.4,459 Reviews
Honda City Hybrid,Rs.19 - 20.75 Lakh,"Rs.21,78,593*","EMI: Rs.42,568/mo",4.1,68 Reviews
Honda Amaze 2nd Gen,Rs.7.20 - 9.96 Lakh,"Rs.8,13,926*","EMI: Rs.16,021/mo",4.2,320 Reviews
Toyota Fortuner,Rs.33.43 - 51.44 Lakh,"Rs.38,77,433*","EMI: Rs.77,217/mo",4.5,590 Reviews
Toyota Innova Crysta,Rs.19.99 - 26.55 Lakh,"Rs.23,91,416*","EMI: Rs.48,255/mo",4.5,275 Reviews
Toyota Land Cruiser 300,Rs.2.10 Cr,"Rs.2,45,46,190*","EMI: Rs.4,77,000/mo",4.6,86 Reviews
Toyota Urban Cruiser Hyryder,Rs.11.14 - 19.99 Lakh,"Rs.12,86,652*","EMI: Rs.26,515/mo",4.4,368 Reviews
Toyota Camry,Rs.48 Lakh,"Rs.55,42,322*","EMI: Rs.1,05,497/mo",4.8,7 Reviews
Toyota Hilux,Rs.30.40 - 37.90 Lakh,"Rs.35,99,625*","EMI: Rs.73,186/mo",4.3,149 Reviews
Toyota Taisor,Rs.7.74 - 13.04 Lakh,"Rs.8,65,480*","EMI: Rs.18,075/mo",4.4,55 Reviews
Toyota Vellfire,Rs.1.22 - 1.32 Cr,"Rs.1,39,00,074*","EMI: Rs.2,70,967/mo",4.7,28 Reviews
Toyota Rumion,Rs.10.44 - 13.73 Lakh,"Rs.12,06,317*","EMI: Rs.24,877/mo",4.6,234 Reviews
Toyota Fortuner Legender,Rs.43.66 - 47.64 Lakh,"Rs.52,06,290*","EMI: Rs.1,02,681/mo",4.4,175 Reviews
Toyota Glanza,Rs.6.86 - 10 Lakh,"Rs.7,71,462*","EMI: Rs.16,393/mo",4.4,235 Reviews
Toyota Innova Hycross,Rs.19.94 - 31.34 Lakh,"Rs.23,19,456*","EMI: Rs.44,147/mo",4.4,232 Reviews
Tata Punch,Rs.6 - 10.15 Lakh,"Rs.6,62,728*","EMI: Rs.13,615/mo",4.5,1.3K Reviews
Tata Nexon,Rs.8 - 15.80 Lakh,"Rs.8,99,849*","EMI: Rs.17,584/mo",4.6,632 Reviews
Tata Curvv,Rs.10 - 19 Lakh,"Rs.11,18,874*","EMI: Rs.21,389/mo",4.7,318 Reviews
Tata Harrier,Rs.14.99 - 25.89 Lakh,"Rs.17,80,576*","EMI: Rs.35,114/mo",4.5,221 Reviews
Tata Tiago,Rs.5 - 8.75 Lakh,"Rs.5,56,215*","EMI: Rs.11,378/mo",4.4,788 Reviews
Tata Safari,Rs.15.49 - 26.79 Lakh,"Rs.18,38,980*","EMI: Rs.35,899/mo",4.5,154 Reviews
Tata Altroz,Rs.6.50 - 11.16 Lakh,"Rs.7,35,481*","EMI: Rs.15,034/mo",4.6,1.4K Reviews
Tata Curvv EV,Rs.17.49 - 21.99 Lakh,"Rs.20,22,750*","EMI: Rs.38,596/mo",4.7,109 Reviews
Tata Nexon EV,Rs.12.49 - 17.19 Lakh,"Rs.14,54,746*","EMI: Rs.28,138/mo",4.4,168 Reviews
Tata Tigor,Rs.6 - 9.40 Lakh,"Rs.6,62,728*","EMI: Rs.13,470/mo",4.3,330 Reviews
Tata Punch EV,Rs.9.99 - 14.29 Lakh,"Rs.11,15,907*","EMI: Rs.21,612/mo",4.3,113 Reviews
Tata Tiago EV,Rs.7.99 - 11.89 Lakh,"Rs.8,96,881*","EMI: Rs.17,931/mo",4.4,271 Reviews
Tata Altroz Racer,Rs.9.49 - 10.99 Lakh,"Rs.10,63,034*","EMI: Rs.20,658/mo",4.5,60 Reviews
Tata Yodha Pickup,Rs.6.95 - 7.50 Lakh,"Rs.8,11,425*","EMI: Rs.15,448/mo",4.4,28 Reviews
Tata Tigor EV,Rs.12.49 - 13.75 Lakh,"Rs.14,39,649*","EMI: Rs.28,296/mo",4.1,95 Reviews
Tata Tiago NRG,Rs.6.50 - 8.65 Lakh,"Rs.7,35,481*","EMI: Rs.14,831/mo",4.2,105 Reviews
Toyota Fortuner,Rs.33.43 - 51.44 Lakh,On-road price not found.,Starting EMI not found.,4.5,590 Reviews
Toyota Innova Crysta,Rs.19.99 - 26.55 Lakh,"Rs.23,91,416*","EMI: Rs.48,255/mo",4.5,275 Reviews
Toyota Land Cruiser 300,Rs.2.10 Cr,"Rs.2,45,46,190*","EMI: Rs.4,77,000/mo",4.6,86 Reviews
Toyota Urban Cruiser Hyryder,Rs.11.14 - 19.99 Lakh,"Rs.12,86,652*","EMI: Rs.26,515/mo",4.4,365 Reviews
Toyota Camry,Rs.48 Lakh,"Rs.55,42,322*","EMI: Rs.1,05,497/mo",4.8,7 Reviews
Toyota Hilux,Rs.30.40 - 37.90 Lakh,"Rs.35,99,625*","EMI: Rs.73,186/mo",4.3,149 Reviews
Toyota Taisor,Rs.7.74 - 13.04 Lakh,"Rs.8,65,480*","EMI: Rs.18,075/mo",4.4,55 Reviews
Toyota Vellfire,Rs.1.22 - 1.32 Cr,"Rs.1,39,00,074*","EMI: Rs.2,70,967/mo",4.7,28 Reviews
Toyota Rumion,Rs.10.44 - 13.73 Lakh,On-road price not found.,Starting EMI not found.,4.6,234 Reviews
Toyota Fortuner Legender,Rs.43.66 - 47.64 Lakh,"Rs.52,06,290*","EMI: Rs.1,02,681/mo",4.4,175 Reviews
Toyota Glanza,Rs.6.86 - 10 Lakh,"Rs.7,71,462*","EMI: Rs.16,393/mo",4.4,235 Reviews
Toyota Innova Hycross,Rs.19.94 - 31.34 Lakh,"Rs.23,19,456*","EMI: Rs.44,147/mo",4.4,232 Reviews
MG Hector,Rs.14 - 22.57 Lakh,"Rs.16,12,408*","EMI: Rs.31,633/mo",4.4,306 Reviews
MG Windsor EV,Rs.13.50 - 15.50 Lakh,"Rs.14,42,628*","EMI: Rs.28,035/mo",4.7,73 Reviews
MG Astor,Rs.10 - 18.35 Lakh,"Rs.11,25,288*","EMI: Rs.22,168/mo",4.3,308 Reviews
MG Gloster,Rs.38.80 - 43.87 Lakh,"Rs.45,42,879*","EMI: Rs.87,870/mo",4.3,127 Reviews
MG Comet EV,Rs.7 - 9.65 Lakh,"Rs.7,48,826*","EMI: Rs.14,799/mo",4.3,208 Reviews
MG ZS EV,Rs.18.98 - 25.75 Lakh,"Rs.20,16,237*","EMI: Rs.39,172/mo",4.2,126 Reviews
MG Hector Plus,Rs.17.50 - 23.41 Lakh,"Rs.20,71,653*","EMI: Rs.40,375/mo",4.3,142 Reviews
Jeep Compass,Rs.18.99 - 32.41 Lakh,"Rs.23,08,387*","EMI: Rs.43,934/mo",4.2,257 Reviews
Jeep Wrangler,Rs.67.65 - 71.65 Lakh,"Rs.77,99,247*","EMI: Rs.1,48,448/mo",4.7,11 Reviews
Jeep Meridian,Rs.24.99 - 38.79 Lakh,"Rs.29,61,955*","EMI: Rs.56,382/mo",4.3,152 Reviews
Jeep Grand Cherokee,Rs.67.50 Lakh,"Rs.77,82,019*","EMI: Rs.1,48,126/mo",4.1,13 Reviews
Mahindra Scorpio N,Rs.13.85 - 24.54 Lakh,"Rs.16,40,817*","EMI: Rs.32,462/mo",4.5,690 Reviews
Mahindra Thar ROXX,Rs.12.99 - 22.49 Lakh,"Rs.15,41,224*","EMI: Rs.30,990/mo",4.7,379 Reviews
Mahindra Bolero,Rs.9.79 - 10.91 Lakh,"Rs.11,25,894*","EMI: Rs.22,312/mo",4.3,275 Reviews
Mahindra XUV700,Rs.13.99 - 26.04 Lakh,"Rs.16,36,062*","EMI: Rs.31,132/mo",4.6,974 Reviews
Mahindra Scorpio,Rs.13.62 - 17.42 Lakh,"Rs.16,61,175*","EMI: Rs.32,808/mo",4.7,901 Reviews
Mahindra Thar,Rs.11.35 - 17.60 Lakh,"Rs.13,61,324*","EMI: Rs.27,566/mo",4.5,1.3K Reviews
Mahindra XUV 3XO,Rs.7.79 - 15.49 Lakh,"Rs.8,91,603*","EMI: Rs.17,965/mo",4.5,204 Reviews
Mahindra BE 6,Rs.18.90 Lakh,"Rs.19,87,379*","EMI: Rs.37,822/mo",4.8,335 Reviews
Mahindra XEV 9e,Rs.21.90 Lakh,"Rs.23,01,110*","EMI: Rs.43,801/mo",4.8,58 Reviews
Mahindra Bolero Neo,Rs.9.95 - 12.15 Lakh,"Rs.11,44,295*","EMI: Rs.22,723/mo",4.5,194 Reviews
Mahindra XUV400 EV,Rs.16.74 - 17.69 Lakh,"Rs.18,02,016*","EMI: Rs.35,247/mo",4.5,254 Reviews
Mahindra Bolero Camper,Rs.10.28 - 10.63 Lakh,"Rs.12,35,880*","EMI: Rs.23,515/mo",4.7,136 Reviews
Mahindra Bolero PikUp ExtraLong,Rs.9.58 - 10.48 Lakh,"Rs.11,08,216*","EMI: Rs.21,090/mo",4.5,114 Reviews
Mahindra Bolero Maxitruck Plus,Rs.7.49 - 7.89 Lakh,"Rs.8,72,643*","EMI: Rs.16,615/mo",4.2,37 Reviews
Mahindra Bolero Neo Plus,Rs.11.39 - 12.49 Lakh,"Rs.13,65,910*","EMI: Rs.25,990/mo",4.5,33 Reviews
Mahindra BOLERO PikUP ExtraStrong,Rs.8.71 - 9.39 Lakh,"Rs.9,92,022*","EMI: Rs.18,886/mo",5.0,5 Reviews
Maruti Dzire,Rs.6.79 - 10.14 Lakh,"Rs.7,65,338*","EMI: Rs.15,322/mo",4.7,345 Reviews
Maruti Swift,Rs.6.49 - 9.60 Lakh,"Rs.7,28,536*","EMI: Rs.14,669/mo",4.5,295 Reviews
Maruti Ertiga,Rs.8.69 - 13.03 Lakh,"Rs.9,68,635*","EMI: Rs.19,316/mo",4.5,649 Reviews
Maruti FRONX,Rs.7.51 - 13.04 Lakh,"Rs.8,39,846*","EMI: Rs.16,929/mo",4.5,540 Reviews
Maruti Brezza,Rs.8.34 - 14.14 Lakh,"Rs.9,32,504*","EMI: Rs.18,600/mo",4.5,671 Reviews
Maruti Grand Vitara,Rs.10.99 - 20.09 Lakh,"Rs.12,63,924*","EMI: Rs.25,352/mo",4.5,528 Reviews
Maruti Baleno,Rs.6.66 - 9.84 Lakh,"Rs.7,52,070*","EMI: Rs.15,211/mo",4.4,556 Reviews
Maruti Wagon R,Rs.5.54 - 7.33 Lakh,"Rs.6,06,316*","EMI: Rs.12,087/mo",4.4,400 Reviews
Maruti Alto K10,Rs.3.99 - 5.96 Lakh,"Rs.4,43,141*","EMI: Rs.8,938/mo",4.3,370 Reviews
Maruti Jimny,Rs.12.74 - 14.95 Lakh,"Rs.14,60,935*","EMI: Rs.28,958/mo",4.5,365 Reviews
Maruti Celerio,Rs.4.99 - 7.04 Lakh,"Rs.5,44,346*","EMI: Rs.10,370/mo",4.0,305 Reviews
Maruti XL6,Rs.11.61 - 14.77 Lakh,"Rs.13,33,395*","EMI: Rs.26,457/mo",4.4,256 Reviews
Maruti Eeco,Rs.5.32 - 6.58 Lakh,"Rs.6,00,360*","EMI: Rs.11,897/mo",4.3,278 Reviews
Maruti Ignis,Rs.5.49 - 8.06 Lakh,"Rs.6,03,919*","EMI: Rs.11,503/mo",4.4,620 Reviews
Maruti Ciaz,Rs.9.40 - 12.29 Lakh,"Rs.10,45,386*","EMI: Rs.20,664/mo",4.5,727 Reviews
Maruti S-Presso,Rs.4.26 - 6.12 Lakh,"Rs.4,70,191*","EMI: Rs.9,432/mo",4.3,436 Reviews
Maruti Invicto,Rs.25.21 - 28.92 Lakh,"Rs.28,85,746*","EMI: Rs.56,780/mo",4.4,86 Reviews
Maruti Super Carry,Rs.5.25 - 6.41 Lakh,"Rs.5,78,614*","EMI: Rs.11,010/mo",4.4,17 Reviews
Maruti Alto 800 tour,Rs.4.80 Lakh,"Rs.5,24,458*","EMI: Rs.9,992/mo",4.3,48 Reviews
Maruti Ertiga Tour,Rs.9.75 - 10.70 Lakh,"Rs.10,91,887*","EMI: Rs.20,787/mo",4.5,37 Reviews
Maruti Swift Dzire Tour,Rs.6.51 - 7.46 Lakh,"Rs.7,33,283*","EMI: Rs.13,964/mo",4.5,67 Reviews
Maruti Eeco Cargo,Rs.5.42 - 6.74 Lakh,"Rs.5,96,382*","EMI: Rs.11,344/mo",4.5,11 Reviews
Maruti Wagon R tour,Rs.5.51 - 6.42 Lakh,"Rs.6,00,786*","EMI: Rs.11,437/mo",4.2,50 Reviews
Skoda Kylaq,Rs.7.89 - 14.40 Lakh,"Rs.8,79,782*","EMI: Rs.16,745/mo",4.7,155 Reviews
Skoda Slavia,Rs.10.69 - 18.69 Lakh,"Rs.12,27,215*",Error occurred: No connection adapters were found for 'hhttps://www.cardekho.com/skoda-slavia/car-price-in-new-delhi.htm',4.3,286 Reviews
Skoda Kushaq,Rs.10.89 - 18.79 Lakh,"Rs.12,53,764*","EMI: Rs.24,037/mo",4.3,435 Reviews
Skoda Superb,Rs.54 Lakh,"Rs.62,31,460*","EMI: Rs.1,18,612/mo",4.5,27 Reviews
Skoda Kodiaq,Rs.39.99 Lakh,"Rs.46,22,324*","EMI: Rs.87,986/mo",4.2,107 Reviews
Nissan Magnite,Rs.5.99 - 11.50 Lakh,"Rs.6,79,671*","EMI: Rs.13,436/mo",4.5,92 Reviews
Nissan X-Trail,Rs.49.92 Lakh,"Rs.58,35,502*","EMI: Rs.1,11,063/mo",4.6,17 Reviews
Renault KWID,Rs.4.70 - 6.45 Lakh,"Rs.5,24,286*","EMI: Rs.10,690/mo",4.3,852 Reviews
Renault Triber,Rs.6 - 8.97 Lakh,"Rs.6,63,685*","EMI: Rs.13,425/mo",4.3,1.1K Reviews
Renault Kiger,Rs.6 - 11.23 Lakh,"Rs.6,64,202*","EMI: Rs.13,456/mo",4.2,493 Reviews
